Wavelength (nm),SPD1,SPD2,Difference in Number,Difference in Percentage (%),x1 (Chromaticity SPD1),y1 (Chromaticity SPD1),x2 (Chromaticity SPD2),y2 (Chromaticity SPD2)
360,0.0829,0.0311,-0.0518,-62.4849215923,0.13097810963,0.0620925730785,0.245938715933,0.242319931686
361,0.0829,0.0311,-0.0518,-62.4849215923,0.13097810963,0.0620925730785,0.245938715933,0.242319931686
362,0.0829,0.0311,-0.0518,-62.4849215923,0.13097810963,0.0620925730785,0.245938715933,0.242319931686
363,0.0829,0.0311,-0.0518,-62.4849215923,0.13097810963,0.0620925730785,0.245938715933,0.242319931686
364,0.0829,0.0311,-0.0518,-62.4849215923,0.13097810963,0.0620925730785,0.245938715933,0.242319931686
365,0.0829,0.0311,-0.0518,-62.4849215923,0.13097810963,0.0620925730785,0.245938715933,0.242319931686
366,0.0829,0.0311,-0.0518,-62.4849215923,0.13097810963,0.0620925730785,0.245938715933,0.242319931686
367,0.0829,0.0311,-0.0518,-62.4849215923,0.13097810963,0.0620925730785,0.245938715933,0.242319931686
368,0.0829,0.0311,-0.0518,-62.4849215923,0.13097810963,0.0620925730785,0.245938715933,0.242319931686
369,0.0829,0.0311,-0.0518,-62.4849215923,0.13097810963,0.0620925730785,0.245938715933,0.242319931686
370,0.0829,0.0311,-0.0518,-62.4849215923,0.13097810963,0.0620925730785,0.245938715933,0.242319931686
371,0.0829,0.0311,-0.0518,-62.4849215923,0.13097810963,0.0620925730785,0.245938715933,0.242319931686
372,0.0829,0.0311,-0.0518,-62.4849215923,0.13097810963,0.0620925730785,0.245938715933,0.242319931686
373,0.0829,0.0311,-0.0518,-62.4849215923,0.13097810963,0.0620925730785,0.245938715933,0.242319931686
374,0.0829,0.0311,-0.0518,-62.4849215923,0.13097810963,0.0620925730785,0.245938715933,0.242319931686
375,0.0829,0.0311,-0.0518,-62.4849215923,0.13097810963,0.0620925730785,0.245938715933,0.242319931686
376,0.0829,0.0311,-0.0518,-62.4849215923,0.13097810963,0.0620925730785,0.245938715933,0.242319931686
377,0.0829,0.0311,-0.0518,-62.4849215923,0.13097810963,0.0620925730785,0.245938715933,0.242319931686
378,0.0829,0.0311,-0.0518,-62.4849215923,0.13097810963,0.0620925730785,0.245938715933,0.242319931686
379,0.0829,0.0311,-0.0518,-62.4849215923,0.13097810963,0.0620925730785,0.245938715933,0.242319931686
380,0.0829,0.0311,-0.0518,-62.4849215923,0.13097810963,0.0620925730785,0.245938715933,0.242319931686
381,0.0681,0.0361,-0.032,-46.9897209985,0.13097810963,0.0620925730785,0.245938715933,0.242319931686
382,0.0594,0.0275,-0.0319,-53.7037037037,0.13097810963,0.0620925730785,0.245938715933,0.242319931686
383,0.0777,0.0378,-0.0399,-51.3513513514,0.13097810963,0.0620925730785,0.245938715933,0.242319931686
384,0.0798,0.0253,-0.0545,-68.2957393484,0.13097810963,0.0620925730785,0.245938715933,0.242319931686
385,0.051,0.0414,-0.0096,-18.8235294118,0.13097810963,0.0620925730785,0.245938715933,0.242319931686
386,0.0644,0.0403,-0.0241,-37.4223602484,0.13097810963,0.0620925730785,0.245938715933,0.242319931686
387,0.0527,0.023,-0.0297,-56.3567362429,0.13097810963,0.0620925730785,0.245938715933,0.242319931686
388,0.0633,0.0268,-0.0365,-57.6619273302,0.13097810963,0.0620925730785,0.245938715933,0.242319931686
389,0.0708,0.025,-0.0458,-64.6892655367,0.13097810963,0.0620925730785,0.245938715933,0.242319931686
390,0.0592,0.0255,-0.0337,-56.9256756757,0.13097810963,0.0620925730785,0.245938715933,0.242319931686
391,0.0788,0.0283,-0.0505,-64.0862944162,0.13097810963,0.0620925730785,0.245938715933,0.242319931686
392,0.0803,0.0225,-0.0578,-71.9800747198,0.13097810963,0.0620925730785,0.245938715933,0.242319931686
393,0.075,0.0329,-0.0421,-56.1333333333,0.13097810963,0.0620925730785,0.245938715933,0.242319931686
394,0.0721,0.0283,-0.0438,-60.7489597781,0.13097810963,0.0620925730785,0.245938715933,0.242319931686
395,0.0846,0.0279,-0.0567,-67.0212765957,0.13097810963,0.0620925730785,0.245938715933,0.242319931686
396,0.087,0.0267,-0.0603,-69.3103448276,0.13097810963,0.0620925730785,0.245938715933,0.242319931686
397,0.0956,0.0278,-0.0678,-70.9205020921,0.13097810963,0.0620925730785,0.245938715933,0.242319931686
398,0.0858,0.037,-0.0488,-56.8764568765,0.13097810963,0.0620925730785,0.245938715933,0.242319931686
399,0.09,0.0339,-0.0561,-62.3333333333,0.13097810963,0.0620925730785,0.245938715933,0.242319931686
400,0.0859,0.0316,-0.0543,-63.2130384168,0.13097810963,0.0620925730785,0.245938715933,0.242319931686
401,0.0782,0.031,-0.0472,-60.358056266,0.13097810963,0.0620925730785,0.245938715933,0.242319931686
402,0.0818,0.0318,-0.05,-61.1246943765,0.13097810963,0.0620925730785,0.245938715933,0.242319931686
403,0.0834,0.028,-0.0554,-66.4268585132,0.13097810963,0.0620925730785,0.245938715933,0.242319931686
404,0.082,0.028,-0.054,-65.8536585366,0.13097810963,0.0620925730785,0.245938715933,0.242319931686
405,0.0792,0.027,-0.0522,-65.9090909091,0.13097810963,0.0620925730785,0.245938715933,0.242319931686
406,0.0731,0.0275,-0.0456,-62.3803009576,0.13097810963,0.0620925730785,0.245938715933,0.242319931686
407,0.0701,0.0272,-0.0429,-61.1982881598,0.13097810963,0.0620925730785,0.245938715933,0.242319931686
408,0.0653,0.0262,-0.0391,-59.8774885145,0.13097810963,0.0620925730785,0.245938715933,0.242319931686
409,0.0711,0.0285,-0.0426,-59.9156118143,0.13097810963,0.0620925730785,0.245938715933,0.242319931686
410,0.0686,0.0294,-0.0392,-57.1428571429,0.13097810963,0.0620925730785,0.245938715933,0.242319931686
411,0.0663,0.0297,-0.0366,-55.2036199095,0.13097810963,0.0620925730785,0.245938715933,0.242319931686
412,0.0609,0.0283,-0.0326,-53.5303776683,0.13097810963,0.0620925730785,0.245938715933,0.242319931686
413,0.0589,0.0275,-0.0314,-53.3106960951,0.13097810963,0.0620925730785,0.245938715933,0.242319931686
414,0.0599,0.0269,-0.033,-55.0918196995,0.13097810963,0.0620925730785,0.245938715933,0.242319931686
415,0.0609,0.0271,-0.0338,-55.5008210181,0.13097810963,0.0620925730785,0.245938715933,0.242319931686
416,0.0546,0.0276,-0.027,-49.4505494505,0.13097810963,0.0620925730785,0.245938715933,0.242319931686
417,0.06,0.0274,-0.0326,-54.3333333333,0.13097810963,0.0620925730785,0.245938715933,0.242319931686
418,0.0655,0.0294,-0.0361,-55.1145038168,0.13097810963,0.0620925730785,0.245938715933,0.242319931686
419,0.0606,0.0294,-0.0312,-51.4851485149,0.13097810963,0.0620925730785,0.245938715933,0.242319931686
420,0.0597,0.0318,-0.0279,-46.7336683417,0.13097810963,0.0620925730785,0.245938715933,0.242319931686
421,0.0666,0.0337,-0.0329,-49.3993993994,0.13097810963,0.0620925730785,0.245938715933,0.242319931686
422,0.0724,0.0363,-0.0361,-49.861878453,0.13097810963,0.0620925730785,0.245938715933,0.242319931686
423,0.0706,0.0411,-0.0295,-41.7847025496,0.13097810963,0.0620925730785,0.245938715933,0.242319931686
424,0.0864,0.0447,-0.0417,-48.2638888889,0.13097810963,0.0620925730785,0.245938715933,0.242319931686
425,0.0922,0.0508,-0.0414,-44.9023861171,0.13097810963,0.0620925730785,0.245938715933,0.242319931686
426,0.101,0.0571,-0.0439,-43.4653465347,0.13097810963,0.0620925730785,0.245938715933,0.242319931686
427,0.1197,0.065,-0.0547,-45.6975772765,0.13097810963,0.0620925730785,0.245938715933,0.242319931686
428,0.1328,0.073,-0.0598,-45.0301204819,0.13097810963,0.0620925730785,0.245938715933,0.242319931686
429,0.1506,0.0836,-0.067,-44.4887118194,0.13097810963,0.0620925730785,0.245938715933,0.242319931686
430,0.1744,0.0974,-0.077,-44.1513761468,0.13097810963,0.0620925730785,0.245938715933,0.242319931686
431,0.1998,0.1101,-0.0897,-44.8948948949,0.13097810963,0.0620925730785,0.245938715933,0.242319931686
432,0.2248,0.1268,-0.098,-43.5943060498,0.13097810963,0.0620925730785,0.245938715933,0.242319931686
433,0.2584,0.1487,-0.1097,-42.4535603715,0.13097810963,0.0620925730785,0.245938715933,0.242319931686
434,0.2938,0.1685,-0.1253,-42.6480599047,0.13097810963,0.0620925730785,0.245938715933,0.242319931686
435,0.3426,0.1933,-0.1493,-43.5785172212,0.13097810963,0.0620925730785,0.245938715933,0.242319931686
436,0.3924,0.2253,-0.1671,-42.5840978593,0.13097810963,0.0620925730785,0.245938715933,0.242319931686
437,0.4484,0.257,-0.1914,-42.685102587,0.13097810963,0.0620925730785,0.245938715933,0.242319931686
438,0.5209,0.2943,-0.2266,-43.5016317911,0.13097810963,0.0620925730785,0.245938715933,0.242319931686
439,0.6006,0.3365,-0.2641,-43.9726939727,0.13097810963,0.0620925730785,0.245938715933,0.242319931686
440,0.683,0.3839,-0.2991,-43.7920937042,0.13097810963,0.0620925730785,0.245938715933,0.242319931686
441,0.7899,0.4415,-0.3484,-44.1068489682,0.13097810963,0.0620925730785,0.245938715933,0.242319931686
442,0.9074,0.5049,-0.4025,-44.3575049592,0.13097810963,0.0620925730785,0.245938715933,0.242319931686
443,1.0545,0.5716,-0.4829,-45.7942152679,0.13097810963,0.0620925730785,0.245938715933,0.242319931686
444,1.2269,0.6524,-0.5745,-46.8253321379,0.13097810963,0.0620925730785,0.245938715933,0.242319931686
445,1.4235,0.7401,-0.6834,-48.0084299262,0.13097810963,0.0620925730785,0.245938715933,0.242319931686
446,1.6569,0.8342,-0.8227,-49.652966383,0.13097810963,0.0620925730785,0.245938715933,0.242319931686
447,1.9237,0.9432,-0.9805,-50.9694858866,0.13097810963,0.0620925730785,0.245938715933,0.242319931686
448,2.2214,1.0578,-1.1636,-52.381381111,0.13097810963,0.0620925730785,0.245938715933,0.242319931686
449,2.5708,1.1817,-1.3891,-54.0337638089,0.13097810963,0.0620925730785,0.245938715933,0.242319931686
450,2.987,1.3149,-1.6721,-55.979243388,0.13097810963,0.0620925730785,0.245938715933,0.242319931686
451,3.4294,1.4701,-1.9593,-57.1324429929,0.13097810963,0.0620925730785,0.245938715933,0.242319931686
452,3.9887,1.6275,-2.3612,-59.1972321809,0.13097810963,0.0620925730785,0.245938715933,0.242319931686
453,4.5736,1.8022,-2.7714,-60.5955920938,0.13097810963,0.0620925730785,0.245938715933,0.242319931686
454,5.2626,1.9952,-3.2674,-62.0871812412,0.13097810963,0.0620925730785,0.245938715933,0.242319931686
455,6.0648,2.2156,-3.8492,-63.4678802269,0.13097810963,0.0620925730785,0.245938715933,0.242319931686
456,6.9632,2.4615,-4.5017,-64.6498736213,0.13097810963,0.0620925730785,0.245938715933,0.242319931686
457,7.9584,2.7281,-5.2303,-65.7204965822,0.13097810963,0.0620925730785,0.245938715933,0.242319931686
458,9.0672,3.0303,-6.0369,-66.5795394389,0.13097810963,0.0620925730785,0.245938715933,0.242319931686
459,10.2489,3.3522,-6.8967,-67.29209964,0.13097810963,0.0620925730785,0.245938715933,0.242319931686
460,11.4829,3.6977,-7.7852,-67.7982042864,0.13097810963,0.0620925730785,0.245938715933,0.242319931686
461,12.7565,4.0281,-8.7284,-68.423156822,0.13097810963,0.0620925730785,0.245938715933,0.242319931686
462,13.9246,4.3639,-9.5607,-68.6605001221,0.13097810963,0.0620925730785,0.245938715933,0.242319931686
463,14.9673,4.6817,-10.2856,-68.7204773072,0.13097810963,0.0620925730785,0.245938715933,0.242319931686
464,15.7696,4.9427,-10.8269,-68.6567826705,0.13097810963,0.0620925730785,0.245938715933,0.242319931686
465,16.337,5.1309,-11.2061,-68.593376997,0.13097810963,0.0620925730785,0.245938715933,0.242319931686
466,16.4628,5.2681,-11.1947,-67.9999757028,0.13097810963,0.0620925730785,0.245938715933,0.242319931686
467,16.2795,5.2862,-10.9933,-67.5284867471,0.13097810963,0.0620925730785,0.245938715933,0.242319931686
468,15.6597,5.2301,-10.4296,-66.6015313192,0.13097810963,0.0620925730785,0.245938715933,0.242319931686
469,14.7792,5.083,-9.6962,-65.6070693948,0.13097810963,0.0620925730785,0.245938715933,0.242319931686
470,13.6848,4.8573,-8.8275,-64.5058751315,0.13097810963,0.0620925730785,0.245938715933,0.242319931686
471,12.3253,4.5271,-7.7982,-63.2698595572,0.13097810963,0.0620925730785,0.245938715933,0.242319931686
472,11.0626,4.2069,-6.8557,-61.9718691808,0.13097810963,0.0620925730785,0.245938715933,0.242319931686
473,9.9053,3.874,-6.0313,-60.8896247463,0.13097810963,0.0620925730785,0.245938715933,0.242319931686
474,8.884,3.5508,-5.3332,-60.0315173345,0.13097810963,0.0620925730785,0.245938715933,0.242319931686
475,8.0024,3.2542,-4.7482,-59.3346995901,0.13097810963,0.0620925730785,0.245938715933,0.242319931686
476,7.2641,2.9741,-4.29,-59.057557027,0.13097810963,0.0620925730785,0.245938715933,0.242319931686
477,6.6545,2.7285,-3.926,-58.9976707491,0.13097810963,0.0620925730785,0.245938715933,0.242319931686
478,6.1742,2.5143,-3.6599,-59.2773152797,0.13097810963,0.0620925730785,0.245938715933,0.242319931686
479,5.7632,2.3327,-3.4305,-59.5242226541,0.13097810963,0.0620925730785,0.245938715933,0.242319931686
480,5.3893,2.1775,-3.2118,-59.5958658824,0.13097810963,0.0620925730785,0.245938715933,0.242319931686
481,5.034,2.0306,-3.0034,-59.6622963846,0.13097810963,0.0620925730785,0.245938715933,0.242319931686
482,4.6799,1.9068,-2.7731,-59.2555396483,0.13097810963,0.0620925730785,0.245938715933,0.242319931686
483,4.3422,1.7823,-2.5599,-58.9539864585,0.13097810963,0.0620925730785,0.245938715933,0.242319931686
484,3.9818,1.6699,-2.3119,-58.0616806469,0.13097810963,0.0620925730785,0.245938715933,0.242319931686
485,3.6255,1.5601,-2.0654,-56.9686939732,0.13097810963,0.0620925730785,0.245938715933,0.242319931686
486,3.2785,1.4462,-1.8323,-55.8883635809,0.13097810963,0.0620925730785,0.245938715933,0.242319931686
487,2.9423,1.3382,-1.6041,-54.5185739048,0.13097810963,0.0620925730785,0.245938715933,0.242319931686
488,2.6291,1.2335,-1.3956,-53.0828040014,0.13097810963,0.0620925730785,0.245938715933,0.242319931686
489,2.345,1.1382,-1.2068,-51.4626865672,0.13097810963,0.0620925730785,0.245938715933,0.242319931686
490,2.0785,1.0521,-1.0264,-49.3817656964,0.13097810963,0.0620925730785,0.245938715933,0.242319931686
491,1.8536,0.9675,-0.8861,-47.8042727665,0.13097810963,0.0620925730785,0.245938715933,0.242319931686
492,1.6538,0.9042,-0.7496,-45.3259160721,0.13097810963,0.0620925730785,0.245938715933,0.242319931686
493,1.4938,0.8404,-0.6534,-43.7407952872,0.13097810963,0.0620925730785,0.245938715933,0.242319931686
494,1.3485,0.7953,-0.5532,-41.0233592881,0.13097810963,0.0620925730785,0.245938715933,0.242319931686
495,1.2337,0.7554,-0.4783,-38.7695549972,0.13097810963,0.0620925730785,0.245938715933,0.242319931686
496,1.1254,0.7234,-0.402,-35.7206326639,0.13097810963,0.0620925730785,0.245938715933,0.242319931686
497,1.0349,0.7001,-0.3348,-32.3509517828,0.13097810963,0.0620925730785,0.245938715933,0.242319931686
498,0.9526,0.6855,-0.2671,-28.0390510183,0.13097810963,0.0620925730785,0.245938715933,0.242319931686
499,0.8784,0.6783,-0.2001,-22.7800546448,0.13097810963,0.0620925730785,0.245938715933,0.242319931686
500,0.8055,0.6789,-0.1266,-15.7169459963,0.13097810963,0.0620925730785,0.245938715933,0.242319931686
501,0.7432,0.6812,-0.062,-8.34230355221,0.13097810963,0.0620925730785,0.245938715933,0.242319931686
502,0.6771,0.6893,0.0122,1.8018018018,0.13097810963,0.0620925730785,0.245938715933,0.242319931686
503,0.6183,0.7108,0.0925,14.9603752224,0.13097810963,0.0620925730785,0.245938715933,0.242319931686
504,0.5574,0.7273,0.1699,30.4808037316,0.13097810963,0.0620925730785,0.245938715933,0.242319931686
505,0.5034,0.7544,0.251,49.8609455701,0.13097810963,0.0620925730785,0.245938715933,0.242319931686
506,0.4561,0.7826,0.3265,71.5851786889,0.13097810963,0.0620925730785,0.245938715933,0.242319931686
507,0.4081,0.8207,0.4126,101.102670914,0.13097810963,0.0620925730785,0.245938715933,0.242319931686
508,0.3682,0.8645,0.4963,134.790874525,0.13097810963,0.0620925730785,0.245938715933,0.242319931686
509,0.3321,0.9142,0.5821,175.278530563,0.13097810963,0.0620925730785,0.245938715933,0.242319931686
510,0.297,0.962,0.665,223.905723906,0.13097810963,0.0620925730785,0.245938715933,0.242319931686
511,0.2715,1.023,0.7515,276.79558011,0.13097810963,0.0620925730785,0.245938715933,0.242319931686
512,0.245,1.0876,0.8426,343.918367347,0.13097810963,0.0620925730785,0.245938715933,0.242319931686
513,0.2247,1.1543,0.9296,413.707165109,0.13097810963,0.0620925730785,0.245938715933,0.242319931686
514,0.2036,1.2254,1.0218,501.866404715,0.13097810963,0.0620925730785,0.245938715933,0.242319931686
515,0.186,1.2959,1.1099,596.720430108,0.13097810963,0.0620925730785,0.245938715933,0.242319931686
516,0.1722,1.3721,1.1999,696.806039489,0.13097810963,0.0620925730785,0.245938715933,0.242319931686
517,0.158,1.4416,1.2836,812.405063291,0.13097810963,0.0620925730785,0.245938715933,0.242319931686
518,0.1475,1.5157,1.3682,927.593220339,0.13097810963,0.0620925730785,0.245938715933,0.242319931686
519,0.1375,1.581,1.4435,1049.81818182,0.13097810963,0.0620925730785,0.245938715933,0.242319931686
520,0.1261,1.6455,1.5194,1204.91673275,0.13097810963,0.0620925730785,0.245938715933,0.242319931686
521,0.1165,1.7026,1.5861,1361.45922747,0.13097810963,0.0620925730785,0.245938715933,0.242319931686
522,0.1072,1.7464,1.6392,1529.10447761,0.13097810963,0.0620925730785,0.245938715933,0.242319931686
523,0.0992,1.7914,1.6922,1705.84677419,0.13097810963,0.0620925730785,0.245938715933,0.242319931686
524,0.092,1.8214,1.7294,1879.7826087,0.13097810963,0.0620925730785,0.245938715933,0.242319931686
525,0.0839,1.8422,1.7583,2095.70917759,0.13097810963,0.0620925730785,0.245938715933,0.242319931686
526,0.0771,1.8493,1.7722,2298.57328145,0.13097810963,0.0620925730785,0.245938715933,0.242319931686
527,0.0713,1.8437,1.7724,2485.8345021,0.13097810963,0.0620925730785,0.245938715933,0.242319931686
528,0.066,1.8313,1.7653,2674.6969697,0.13097810963,0.0620925730785,0.245938715933,0.242319931686
529,0.0624,1.8111,1.7487,2802.40384615,0.13097810963,0.0620925730785,0.245938715933,0.242319931686
530,0.0578,1.7775,1.7197,2975.25951557,0.13097810963,0.0620925730785,0.245938715933,0.242319931686
531,0.0532,1.7332,1.68,3157.89473684,0.13097810963,0.0620925730785,0.245938715933,0.242319931686
532,0.0503,1.6867,1.6364,3253.28031809,0.13097810963,0.0620925730785,0.245938715933,0.242319931686
533,0.0469,1.6329,1.586,3381.66311301,0.13097810963,0.0620925730785,0.245938715933,0.242319931686
534,0.0444,1.5815,1.5371,3461.93693694,0.13097810963,0.0620925730785,0.245938715933,0.242319931686
535,0.0413,1.5181,1.4768,3575.78692494,0.13097810963,0.0620925730785,0.245938715933,0.242319931686
536,0.0403,1.454,1.4137,3507.94044665,0.13097810963,0.0620925730785,0.245938715933,0.242319931686
537,0.0381,1.396,1.3579,3564.04199475,0.13097810963,0.0620925730785,0.245938715933,0.242319931686
538,0.0375,1.3324,1.2949,3453.06666667,0.13097810963,0.0620925730785,0.245938715933,0.242319931686
539,0.034,1.2737,1.2397,3646.17647059,0.13097810963,0.0620925730785,0.245938715933,0.242319931686
540,0.0335,1.2152,1.1817,3527.46268657,0.13097810963,0.0620925730785,0.245938715933,0.242319931686
541,0.0345,1.1581,1.1236,3256.8115942,0.13097810963,0.0620925730785,0.245938715933,0.242319931686
542,0.0306,1.106,1.0754,3514.37908497,0.13097810963,0.0620925730785,0.245938715933,0.242319931686
543,0.0289,1.0486,1.0197,3528.37370242,0.13097810963,0.0620925730785,0.245938715933,0.242319931686
544,0.0284,1.002,0.9736,3428.16901408,0.13097810963,0.0620925730785,0.245938715933,0.242319931686
545,0.027,0.9569,0.9299,3444.07407407,0.13097810963,0.0620925730785,0.245938715933,0.242319931686
546,0.0265,0.9108,0.8843,3336.98113208,0.13097810963,0.0620925730785,0.245938715933,0.242319931686
547,0.0258,0.87,0.8442,3272.09302326,0.13097810963,0.0620925730785,0.245938715933,0.242319931686
548,0.0256,0.8245,0.7989,3120.703125,0.13097810963,0.0620925730785,0.245938715933,0.242319931686
549,0.0242,0.7855,0.7613,3145.8677686,0.13097810963,0.0620925730785,0.245938715933,0.242319931686
550,0.024,0.7446,0.7206,3002.5,0.13097810963,0.0620925730785,0.245938715933,0.242319931686
551,0.0145,0.7002,0.6857,4728.96551724,0.13097810963,0.0620925730785,0.245938715933,0.242319931686
552,0.0148,0.6649,0.6501,4392.56756757,0.13097810963,0.0620925730785,0.245938715933,0.242319931686
553,0.0144,0.6341,0.6197,4303.47222222,0.13097810963,0.0620925730785,0.245938715933,0.242319931686
554,0.0127,0.5992,0.5865,4618.11023622,0.13097810963,0.0620925730785,0.245938715933,0.242319931686
555,0.0113,0.5662,0.5549,4910.61946903,0.13097810963,0.0620925730785,0.245938715933,0.242319931686
556,0.0119,0.5338,0.5219,4385.71428571,0.13097810963,0.0620925730785,0.245938715933,0.242319931686
557,0.0111,0.5025,0.4914,4427.02702703,0.13097810963,0.0620925730785,0.245938715933,0.242319931686
558,0.0111,0.4737,0.4626,4167.56756757,0.13097810963,0.0620925730785,0.245938715933,0.242319931686
559,0.0113,0.4468,0.4355,3853.98230088,0.13097810963,0.0620925730785,0.245938715933,0.242319931686
560,0.0097,0.4208,0.4111,4238.1443299,0.13097810963,0.0620925730785,0.245938715933,0.242319931686
561,0.0096,0.3959,0.3863,4023.95833333,0.13097810963,0.0620925730785,0.245938715933,0.242319931686
562,0.0098,0.3739,0.3641,3715.30612245,0.13097810963,0.0620925730785,0.245938715933,0.242319931686
563,0.0101,0.3507,0.3406,3372.27722772,0.13097810963,0.0620925730785,0.245938715933,0.242319931686
564,0.0098,0.3299,0.3201,3266.32653061,0.13097810963,0.0620925730785,0.245938715933,0.242319931686
565,0.009,0.3125,0.3035,3372.22222222,0.13097810963,0.0620925730785,0.245938715933,0.242319931686
566,0.0091,0.2965,0.2874,3158.24175824,0.13097810963,0.0620925730785,0.245938715933,0.242319931686
567,0.0083,0.2781,0.2698,3250.60240964,0.13097810963,0.0620925730785,0.245938715933,0.242319931686
568,0.0086,0.2631,0.2545,2959.30232558,0.13097810963,0.0620925730785,0.245938715933,0.242319931686
569,0.0081,0.2504,0.2423,2991.35802469,0.13097810963,0.0620925730785,0.245938715933,0.242319931686
570,0.0096,0.2374,0.2278,2372.91666667,0.13097810963,0.0620925730785,0.245938715933,0.242319931686
571,0.0072,0.224,0.2168,3011.11111111,0.13097810963,0.0620925730785,0.245938715933,0.242319931686
572,0.0083,0.2129,0.2046,2465.06024096,0.13097810963,0.0620925730785,0.245938715933,0.242319931686
573,0.0076,0.2037,0.1961,2580.26315789,0.13097810963,0.0620925730785,0.245938715933,0.242319931686
574,0.0059,0.1916,0.1857,3147.45762712,0.13097810963,0.0620925730785,0.245938715933,0.242319931686
575,0.007,0.1832,0.1762,2517.14285714,0.13097810963,0.0620925730785,0.245938715933,0.242319931686
576,0.0074,0.1743,0.1669,2255.40540541,0.13097810963,0.0620925730785,0.245938715933,0.242319931686
577,0.0071,0.1675,0.1604,2259.15492958,0.13097810963,0.0620925730785,0.245938715933,0.242319931686
578,0.0069,0.1588,0.1519,2201.44927536,0.13097810963,0.0620925730785,0.245938715933,0.242319931686
579,0.0068,0.1539,0.1471,2163.23529412,0.13097810963,0.0620925730785,0.245938715933,0.242319931686
580,0.006,0.1469,0.1409,2348.33333333,0.13097810963,0.0620925730785,0.245938715933,0.242319931686
581,0.007,0.1414,0.1344,1920.0,0.13097810963,0.0620925730785,0.245938715933,0.242319931686
582,0.0068,0.1378,0.131,1926.47058824,0.13097810963,0.0620925730785,0.245938715933,0.242319931686
583,0.0068,0.1361,0.1293,1901.47058824,0.13097810963,0.0620925730785,0.245938715933,0.242319931686
584,0.006,0.1316,0.1256,2093.33333333,0.13097810963,0.0620925730785,0.245938715933,0.242319931686
585,0.0065,0.1298,0.1233,1896.92307692,0.13097810963,0.0620925730785,0.245938715933,0.242319931686
586,0.0061,0.1288,0.1227,2011.47540984,0.13097810963,0.0620925730785,0.245938715933,0.242319931686
587,0.0065,0.128,0.1215,1869.23076923,0.13097810963,0.0620925730785,0.245938715933,0.242319931686
588,0.0064,0.1282,0.1218,1903.125,0.13097810963,0.0620925730785,0.245938715933,0.242319931686
589,0.005,0.1292,0.1242,2484.0,0.13097810963,0.0620925730785,0.245938715933,0.242319931686
590,0.006,0.1319,0.1259,2098.33333333,0.13097810963,0.0620925730785,0.245938715933,0.242319931686
591,0.0059,0.1348,0.1289,2184.74576271,0.13097810963,0.0620925730785,0.245938715933,0.242319931686
592,0.0044,0.1396,0.1352,3072.72727273,0.13097810963,0.0620925730785,0.245938715933,0.242319931686
593,0.0053,0.1437,0.1384,2611.32075472,0.13097810963,0.0620925730785,0.245938715933,0.242319931686
594,0.0056,0.15,0.1444,2578.57142857,0.13097810963,0.0620925730785,0.245938715933,0.242319931686
595,0.005,0.1588,0.1538,3076.0,0.13097810963,0.0620925730785,0.245938715933,0.242319931686
596,0.0063,0.1688,0.1625,2579.36507937,0.13097810963,0.0620925730785,0.245938715933,0.242319931686
597,0.0054,0.179,0.1736,3214.81481481,0.13097810963,0.0620925730785,0.245938715933,0.242319931686
598,0.0049,0.1924,0.1875,3826.53061224,0.13097810963,0.0620925730785,0.245938715933,0.242319931686
599,0.0055,0.2061,0.2006,3647.27272727,0.13097810963,0.0620925730785,0.245938715933,0.242319931686
600,0.0052,0.2227,0.2175,4182.69230769,0.13097810963,0.0620925730785,0.245938715933,0.242319931686
601,0.0047,0.2419,0.2372,5046.80851064,0.13097810963,0.0620925730785,0.245938715933,0.242319931686
602,0.0055,0.2622,0.2567,4667.27272727,0.13097810963,0.0620925730785,0.245938715933,0.242319931686
603,0.0045,0.2849,0.2804,6231.11111111,0.13097810963,0.0620925730785,0.245938715933,0.242319931686
604,0.0045,0.3107,0.3062,6804.44444444,0.13097810963,0.0620925730785,0.245938715933,0.242319931686
605,0.0043,0.3384,0.3341,7769.76744186,0.13097810963,0.0620925730785,0.245938715933,0.242319931686
606,0.0045,0.3706,0.3661,8135.55555556,0.13097810963,0.0620925730785,0.245938715933,0.242319931686
607,0.004,0.4065,0.4025,10062.5,0.13097810963,0.0620925730785,0.245938715933,0.242319931686
608,0.0038,0.4465,0.4427,11650.0,0.13097810963,0.0620925730785,0.245938715933,0.242319931686
609,0.0045,0.4887,0.4842,10760.0,0.13097810963,0.0620925730785,0.245938715933,0.242319931686
610,0.0043,0.5367,0.5324,12381.3953488,0.13097810963,0.0620925730785,0.245938715933,0.242319931686
611,0.0039,0.5922,0.5883,15084.6153846,0.13097810963,0.0620925730785,0.245938715933,0.242319931686
612,0.0053,0.6504,0.6451,12171.6981132,0.13097810963,0.0620925730785,0.245938715933,0.242319931686
613,0.0049,0.7163,0.7114,14518.3673469,0.13097810963,0.0620925730785,0.245938715933,0.242319931686
614,0.0038,0.7896,0.7858,20678.9473684,0.13097810963,0.0620925730785,0.245938715933,0.242319931686
615,0.0037,0.8681,0.8644,23362.1621622,0.13097810963,0.0620925730785,0.245938715933,0.242319931686
616,0.0041,0.9624,0.9583,23373.1707317,0.13097810963,0.0620925730785,0.245938715933,0.242319931686
617,0.0043,1.0612,1.0569,24579.0697674,0.13097810963,0.0620925730785,0.245938715933,0.242319931686
618,0.0044,1.1664,1.162,26409.0909091,0.13097810963,0.0620925730785,0.245938715933,0.242319931686
619,0.0044,1.2864,1.282,29136.3636364,0.13097810963,0.0620925730785,0.245938715933,0.242319931686
620,0.0027,1.4171,1.4144,52385.1851852,0.13097810963,0.0620925730785,0.245938715933,0.242319931686
621,0.0027,1.5556,1.5529,57514.8148148,0.13097810963,0.0620925730785,0.245938715933,0.242319931686
622,0.0046,1.7126,1.708,37130.4347826,0.13097810963,0.0620925730785,0.245938715933,0.242319931686
623,0.0037,1.8843,1.8806,50827.027027,0.13097810963,0.0620925730785,0.245938715933,0.242319931686
624,0.0033,2.0713,2.068,62666.6666667,0.13097810963,0.0620925730785,0.245938715933,0.242319931686
625,0.0034,2.2643,2.2609,66497.0588235,0.13097810963,0.0620925730785,0.245938715933,0.242319931686
626,0.0033,2.4699,2.4666,74745.4545455,0.13097810963,0.0620925730785,0.245938715933,0.242319931686
627,0.0029,2.6887,2.6858,92613.7931034,0.13097810963,0.0620925730785,0.245938715933,0.242319931686
628,0.0023,2.911,2.9087,126465.217391,0.13097810963,0.0620925730785,0.245938715933,0.242319931686
629,0.0039,3.1398,3.1359,80407.6923077,0.13097810963,0.0620925730785,0.245938715933,0.242319931686
630,0.0044,3.3516,3.3472,76072.7272727,0.13097810963,0.0620925730785,0.245938715933,0.242319931686
631,0.0034,3.5618,3.5584,104658.823529,0.13097810963,0.0620925730785,0.245938715933,0.242319931686
632,0.0037,3.7662,3.7625,101689.189189,0.13097810963,0.0620925730785,0.245938715933,0.242319931686
633,0.003,3.9583,3.9553,131843.333333,0.13097810963,0.0620925730785,0.245938715933,0.242319931686
634,0.003,4.1353,4.1323,137743.333333,0.13097810963,0.0620925730785,0.245938715933,0.242319931686
635,0.0034,4.2705,4.2671,125502.941176,0.13097810963,0.0620925730785,0.245938715933,0.242319931686
636,0.0036,4.3565,4.3529,120913.888889,0.13097810963,0.0620925730785,0.245938715933,0.242319931686
637,0.0022,4.3461,4.3439,197450.0,0.13097810963,0.0620925730785,0.245938715933,0.242319931686
638,0.0035,4.2249,4.2214,120611.428571,0.13097810963,0.0620925730785,0.245938715933,0.242319931686
639,0.0026,3.9745,3.9719,152765.384615,0.13097810963,0.0620925730785,0.245938715933,0.242319931686
640,0.0032,3.6035,3.6003,112509.375,0.13097810963,0.0620925730785,0.245938715933,0.242319931686
641,0.0024,3.1738,3.1714,132141.666667,0.13097810963,0.0620925730785,0.245938715933,0.242319931686
642,0.0027,2.7175,2.7148,100548.148148,0.13097810963,0.0620925730785,0.245938715933,0.242319931686
643,0.0034,2.2868,2.2834,67158.8235294,0.13097810963,0.0620925730785,0.245938715933,0.242319931686
644,0.0029,1.9095,1.9066,65744.8275862,0.13097810963,0.0620925730785,0.245938715933,0.242319931686
645,0.0026,1.5875,1.5849,60957.6923077,0.13097810963,0.0620925730785,0.245938715933,0.242319931686
646,0.0023,1.3277,1.3254,57626.0869565,0.13097810963,0.0620925730785,0.245938715933,0.242319931686
647,0.003,1.1213,1.1183,37276.6666667,0.13097810963,0.0620925730785,0.245938715933,0.242319931686
648,0.0036,0.9461,0.9425,26180.5555556,0.13097810963,0.0620925730785,0.245938715933,0.242319931686
649,0.003,0.8046,0.8016,26720.0,0.13097810963,0.0620925730785,0.245938715933,0.242319931686
650,0.0032,0.684,0.6808,21275.0,0.13097810963,0.0620925730785,0.245938715933,0.242319931686
651,0.0026,0.5796,0.577,22192.3076923,0.13097810963,0.0620925730785,0.245938715933,0.242319931686
652,0.0024,0.4938,0.4914,20475.0,0.13097810963,0.0620925730785,0.245938715933,0.242319931686
653,0.0037,0.4173,0.4136,11178.3783784,0.13097810963,0.0620925730785,0.245938715933,0.242319931686
654,0.0021,0.3541,0.352,16761.9047619,0.13097810963,0.0620925730785,0.245938715933,0.242319931686
655,0.0024,0.3007,0.2983,12429.1666667,0.13097810963,0.0620925730785,0.245938715933,0.242319931686
656,0.0023,0.2542,0.2519,10952.173913,0.13097810963,0.0620925730785,0.245938715933,0.242319931686
657,0.0027,0.2177,0.215,7962.96296296,0.13097810963,0.0620925730785,0.245938715933,0.242319931686
658,0.002,0.1848,0.1828,9140.0,0.13097810963,0.0620925730785,0.245938715933,0.242319931686
659,0.0023,0.1593,0.157,6826.08695652,0.13097810963,0.0620925730785,0.245938715933,0.242319931686
660,0.0017,0.1377,0.136,8000.0,0.13097810963,0.0620925730785,0.245938715933,0.242319931686
661,0.0016,0.1198,0.1182,7387.5,0.13097810963,0.0620925730785,0.245938715933,0.242319931686
662,0.0013,0.1056,0.1043,8023.07692308,0.13097810963,0.0620925730785,0.245938715933,0.242319931686
663,0.0023,0.0927,0.0904,3930.43478261,0.13097810963,0.0620925730785,0.245938715933,0.242319931686
664,0.0017,0.0818,0.0801,4711.76470588,0.13097810963,0.0620925730785,0.245938715933,0.242319931686
665,0.0025,0.0711,0.0686,2744.0,0.13097810963,0.0620925730785,0.245938715933,0.242319931686
666,0.0031,0.064,0.0609,1964.51612903,0.13097810963,0.0620925730785,0.245938715933,0.242319931686
667,0.0025,0.0584,0.0559,2236.0,0.13097810963,0.0620925730785,0.245938715933,0.242319931686
668,0.0021,0.052,0.0499,2376.19047619,0.13097810963,0.0620925730785,0.245938715933,0.242319931686
669,0.0018,0.0469,0.0451,2505.55555556,0.13097810963,0.0620925730785,0.245938715933,0.242319931686
670,0.0026,0.0424,0.0398,1530.76923077,0.13097810963,0.0620925730785,0.245938715933,0.242319931686
671,0.001,0.0381,0.0371,3710.0,0.13097810963,0.0620925730785,0.245938715933,0.242319931686
672,0.0014,0.035,0.0336,2400.0,0.13097810963,0.0620925730785,0.245938715933,0.242319931686
673,0.0034,0.0314,0.028,823.529411765,0.13097810963,0.0620925730785,0.245938715933,0.242319931686
674,0.0019,0.0289,0.027,1421.05263158,0.13097810963,0.0620925730785,0.245938715933,0.242319931686
675,0.0024,0.0273,0.0249,1037.5,0.13097810963,0.0620925730785,0.245938715933,0.242319931686
676,0.0016,0.0244,0.0228,1425.0,0.13097810963,0.0620925730785,0.245938715933,0.242319931686
677,0.0024,0.0222,0.0198,825.0,0.13097810963,0.0620925730785,0.245938715933,0.242319931686
678,0.0009,0.0207,0.0198,2200.0,0.13097810963,0.0620925730785,0.245938715933,0.242319931686
679,0.0024,0.0195,0.0171,712.5,0.13097810963,0.0620925730785,0.245938715933,0.242319931686
680,0.0008,0.0176,0.0168,2100.0,0.13097810963,0.0620925730785,0.245938715933,0.242319931686
681,0.0014,0.0172,0.0158,1128.57142857,0.13097810963,0.0620925730785,0.245938715933,0.242319931686
682,0.0029,0.0163,0.0134,462.068965517,0.13097810963,0.0620925730785,0.245938715933,0.242319931686
683,0.0015,0.0152,0.0137,913.333333333,0.13097810963,0.0620925730785,0.245938715933,0.242319931686
684,0.0018,0.0141,0.0123,683.333333333,0.13097810963,0.0620925730785,0.245938715933,0.242319931686
685,0.0009,0.0135,0.0126,1400.0,0.13097810963,0.0620925730785,0.245938715933,0.242319931686
686,0.0017,0.0131,0.0114,670.588235294,0.13097810963,0.0620925730785,0.245938715933,0.242319931686
687,0.002,0.0124,0.0104,520.0,0.13097810963,0.0620925730785,0.245938715933,0.242319931686
688,0.0013,0.0116,0.0103,792.307692308,0.13097810963,0.0620925730785,0.245938715933,0.242319931686
689,0.0027,0.0116,0.0089,329.62962963,0.13097810963,0.0620925730785,0.245938715933,0.242319931686
690,0.0014,0.0116,0.0102,728.571428571,0.13097810963,0.0620925730785,0.245938715933,0.242319931686
691,0.0011,0.0111,0.01,909.090909091,0.13097810963,0.0620925730785,0.245938715933,0.242319931686
692,0.0012,0.011,0.0098,816.666666667,0.13097810963,0.0620925730785,0.245938715933,0.242319931686
693,0.0017,0.0109,0.0092,541.176470588,0.13097810963,0.0620925730785,0.245938715933,0.242319931686
694,0.0015,0.011,0.0095,633.333333333,0.13097810963,0.0620925730785,0.245938715933,0.242319931686
695,0.0015,0.0106,0.0091,606.666666667,0.13097810963,0.0620925730785,0.245938715933,0.242319931686
696,0.0018,0.0098,0.008,444.444444444,0.13097810963,0.0620925730785,0.245938715933,0.242319931686
697,0.0003,0.01,0.0097,3233.33333333,0.13097810963,0.0620925730785,0.245938715933,0.242319931686
698,0.0011,0.0094,0.0083,754.545454545,0.13097810963,0.0620925730785,0.245938715933,0.242319931686
699,0.0024,0.0095,0.0071,295.833333333,0.13097810963,0.0620925730785,0.245938715933,0.242319931686
700,0.0007,0.0095,0.0088,1257.14285714,0.13097810963,0.0620925730785,0.245938715933,0.242319931686
701,0.0013,0.0096,0.0083,638.461538462,0.13097810963,0.0620925730785,0.245938715933,0.242319931686
702,0.0018,0.0097,0.0079,438.888888889,0.13097810963,0.0620925730785,0.245938715933,0.242319931686
703,0.0018,0.0094,0.0076,422.222222222,0.13097810963,0.0620925730785,0.245938715933,0.242319931686
704,0.0013,0.0091,0.0078,600.0,0.13097810963,0.0620925730785,0.245938715933,0.242319931686
705,0.0013,0.0095,0.0082,630.769230769,0.13097810963,0.0620925730785,0.245938715933,0.242319931686
706,0.0017,0.009,0.0073,429.411764706,0.13097810963,0.0620925730785,0.245938715933,0.242319931686
707,0.0019,0.0094,0.0075,394.736842105,0.13097810963,0.0620925730785,0.245938715933,0.242319931686
708,0.0011,0.0093,0.0082,745.454545455,0.13097810963,0.0620925730785,0.245938715933,0.242319931686
709,0.0008,0.009,0.0082,1025.0,0.13097810963,0.0620925730785,0.245938715933,0.242319931686
710,0.0018,0.0086,0.0068,377.777777778,0.13097810963,0.0620925730785,0.245938715933,0.242319931686
711,0.0019,0.009,0.0071,373.684210526,0.13097810963,0.0620925730785,0.245938715933,0.242319931686
712,0.001,0.0088,0.0078,780.0,0.13097810963,0.0620925730785,0.245938715933,0.242319931686
713,0.002,0.0089,0.0069,345.0,0.13097810963,0.0620925730785,0.245938715933,0.242319931686
714,0.001,0.0092,0.0082,820.0,0.13097810963,0.0620925730785,0.245938715933,0.242319931686
715,0.0,0.0094,0.0094,inf,0.13097810963,0.0620925730785,0.245938715933,0.242319931686
716,0.0017,0.0095,0.0078,458.823529412,0.13097810963,0.0620925730785,0.245938715933,0.242319931686
717,0.0016,0.0092,0.0076,475.0,0.13097810963,0.0620925730785,0.245938715933,0.242319931686
718,0.0012,0.0094,0.0082,683.333333333,0.13097810963,0.0620925730785,0.245938715933,0.242319931686
719,0.0017,0.0093,0.0076,447.058823529,0.13097810963,0.0620925730785,0.245938715933,0.242319931686
720,0.0003,0.0097,0.0094,3133.33333333,0.13097810963,0.0620925730785,0.245938715933,0.242319931686
721,0.001,0.0095,0.0085,850.0,0.13097810963,0.0620925730785,0.245938715933,0.242319931686
722,0.0012,0.009,0.0078,650.0,0.13097810963,0.0620925730785,0.245938715933,0.242319931686
723,0.0005,0.0082,0.0077,1540.0,0.13097810963,0.0620925730785,0.245938715933,0.242319931686
724,0.0025,0.0085,0.006,240.0,0.13097810963,0.0620925730785,0.245938715933,0.242319931686
725,0.0007,0.0084,0.0077,1100.0,0.13097810963,0.0620925730785,0.245938715933,0.242319931686
726,0.0007,0.0089,0.0082,1171.42857143,0.13097810963,0.0620925730785,0.245938715933,0.242319931686
727,0.0023,0.0087,0.0064,278.260869565,0.13097810963,0.0620925730785,0.245938715933,0.242319931686
728,0.0002,0.0078,0.0076,3800.0,0.13097810963,0.0620925730785,0.245938715933,0.242319931686
729,0.0012,0.0077,0.0065,541.666666667,0.13097810963,0.0620925730785,0.245938715933,0.242319931686
730,0.0012,0.008,0.0068,566.666666667,0.13097810963,0.0620925730785,0.245938715933,0.242319931686
731,0.0,0.0081,0.0081,inf,0.13097810963,0.0620925730785,0.245938715933,0.242319931686
732,0.0008,0.0077,0.0069,862.5,0.13097810963,0.0620925730785,0.245938715933,0.242319931686
733,0.0008,0.0072,0.0064,800.0,0.13097810963,0.0620925730785,0.245938715933,0.242319931686
734,0.0012,0.0061,0.0049,408.333333333,0.13097810963,0.0620925730785,0.245938715933,0.242319931686
735,0.0017,0.0061,0.0044,258.823529412,0.13097810963,0.0620925730785,0.245938715933,0.242319931686
736,0.0003,0.0063,0.006,2000.0,0.13097810963,0.0620925730785,0.245938715933,0.242319931686
737,0.0013,0.0052,0.0039,300.0,0.13097810963,0.0620925730785,0.245938715933,0.242319931686
738,0.0012,0.005,0.0038,316.666666667,0.13097810963,0.0620925730785,0.245938715933,0.242319931686
739,0.0015,0.0053,0.0038,253.333333333,0.13097810963,0.0620925730785,0.245938715933,0.242319931686
740,0.0005,0.0052,0.0047,940.0,0.13097810963,0.0620925730785,0.245938715933,0.242319931686
741,0.0018,0.0061,0.0043,238.888888889,0.13097810963,0.0620925730785,0.245938715933,0.242319931686
742,0.0012,0.0055,0.0043,358.333333333,0.13097810963,0.0620925730785,0.245938715933,0.242319931686
743,0.0,0.0057,0.0057,inf,0.13097810963,0.0620925730785,0.245938715933,0.242319931686
744,0.0014,0.006,0.0046,328.571428571,0.13097810963,0.0620925730785,0.245938715933,0.242319931686
745,0.0024,0.0057,0.0033,137.5,0.13097810963,0.0620925730785,0.245938715933,0.242319931686
746,0.0001,0.0064,0.0063,6300.0,0.13097810963,0.0620925730785,0.245938715933,0.242319931686
747,0.0018,0.0069,0.0051,283.333333333,0.13097810963,0.0620925730785,0.245938715933,0.242319931686
748,0.0005,0.0071,0.0066,1320.0,0.13097810963,0.0620925730785,0.245938715933,0.242319931686
749,0.0009,0.0071,0.0062,688.888888889,0.13097810963,0.0620925730785,0.245938715933,0.242319931686
750,0.0015,0.0076,0.0061,406.666666667,0.13097810963,0.0620925730785,0.245938715933,0.242319931686
751,0.0,0.0088,0.0088,inf,0.13097810963,0.0620925730785,0.245938715933,0.242319931686
752,0.001,0.0091,0.0081,810.0,0.13097810963,0.0620925730785,0.245938715933,0.242319931686
753,0.0007,0.0108,0.0101,1442.85714286,0.13097810963,0.0620925730785,0.245938715933,0.242319931686
754,0.0016,0.0114,0.0098,612.5,0.13097810963,0.0620925730785,0.245938715933,0.242319931686
755,0.001,0.0122,0.0112,1120.0,0.13097810963,0.0620925730785,0.245938715933,0.242319931686
756,0.0006,0.0117,0.0111,1850.0,0.13097810963,0.0620925730785,0.245938715933,0.242319931686
757,0.0007,0.0114,0.0107,1528.57142857,0.13097810963,0.0620925730785,0.245938715933,0.242319931686
758,0.0019,0.0125,0.0106,557.894736842,0.13097810963,0.0620925730785,0.245938715933,0.242319931686
759,0.0,0.0132,0.0132,inf,0.13097810963,0.0620925730785,0.245938715933,0.242319931686
760,0.0003,0.0147,0.0144,4800.0,0.13097810963,0.0620925730785,0.245938715933,0.242319931686
761,0.0,0.0127,0.0127,inf,0.13097810963,0.0620925730785,0.245938715933,0.242319931686
762,0.0016,0.0141,0.0125,781.25,0.13097810963,0.0620925730785,0.245938715933,0.242319931686
763,0.0006,0.0141,0.0135,2250.0,0.13097810963,0.0620925730785,0.245938715933,0.242319931686
764,0.0,0.0151,0.0151,inf,0.13097810963,0.0620925730785,0.245938715933,0.242319931686
765,0.0019,0.0148,0.0129,678.947368421,0.13097810963,0.0620925730785,0.245938715933,0.242319931686
766,0.0011,0.0151,0.014,1272.72727273,0.13097810963,0.0620925730785,0.245938715933,0.242319931686
767,0.0017,0.0145,0.0128,752.941176471,0.13097810963,0.0620925730785,0.245938715933,0.242319931686
768,0.0024,0.0151,0.0127,529.166666667,0.13097810963,0.0620925730785,0.245938715933,0.242319931686
769,0.0003,0.0151,0.0148,4933.33333333,0.13097810963,0.0620925730785,0.245938715933,0.242319931686
770,0.0,0.0148,0.0148,inf,0.13097810963,0.0620925730785,0.245938715933,0.242319931686
771,0.0004,0.0154,0.015,3750.0,0.13097810963,0.0620925730785,0.245938715933,0.242319931686
772,0.0016,0.0142,0.0126,787.5,0.13097810963,0.0620925730785,0.245938715933,0.242319931686
773,0.0005,0.0133,0.0128,2560.0,0.13097810963,0.0620925730785,0.245938715933,0.242319931686
774,0.0,0.0126,0.0126,inf,0.13097810963,0.0620925730785,0.245938715933,0.242319931686
775,0.0,0.013,0.013,inf,0.13097810963,0.0620925730785,0.245938715933,0.242319931686
776,0.0,0.0129,0.0129,inf,0.13097810963,0.0620925730785,0.245938715933,0.242319931686
777,0.0,0.013,0.013,inf,0.13097810963,0.0620925730785,0.245938715933,0.242319931686
778,0.0,0.0132,0.0132,inf,0.13097810963,0.0620925730785,0.245938715933,0.242319931686
779,0.0,0.0134,0.0134,inf,0.13097810963,0.0620925730785,0.245938715933,0.242319931686
780,0.0,0.0137,0.0137,inf,0.13097810963,0.0620925730785,0.245938715933,0.242319931686
